Timestamp,User Count,Type,Name,Requests/s,Failures/s,50%,66%,75%,80%,90%,95%,98%,99%,99.9%,99.99%,100%,Total Request Count,Total Failure Count,Total Median Response Time,Total Average Response Time,Total Min Response Time,Total Max Response Time,Total Average Content Size
1790538747,0,,Aggregated,0.000000,0.000000,N/A,N/A,N/A,N/A,N/A,N/A,N/A,N/A,N/A,N/A,N/A,0,0,0,0.0,0,0,0
1790538748,15,GET,/,0.000000,0.000000,0,0,0,0,0,0,0,0,0,0,0,15,0,12,13.261650199910946,7.543898999756493,35.31170899987046,67.0
1790538748,15,,Aggregated,0.000000,0.000000,0,0,0,0,0,0,0,0,0,0,0,15,0,12,13.261650199910946,7.543898999756493,35.31170899987046,67.0
1790538749,30,GET,/,0.000000,0.000000,7,8,9,9,10,10,10,10,10,10,10,31,0,10,10.14220232253783,2.553804999934073,35.31170899987046,67.0
1790538749,30,,Aggregated,0.000000,0.000000,7,8,9,9,10,10,10,10,10,10,10,31,0,10,10.14220232253783,2.553804999934073,35.31170899987046,67.0
1790538750,45,GET,/,15.000000,0.000000,7,10,12,26,27,28,30,30,30,30,30,57,0,9,11.131123789446542,1.0649599998941994,35.31170899987046,67.0
1790538750,45,,Aggregated,15.000000,0.000000,7,10,12,26,27,28,30,30,30,30,30,57,0,9,11.131123789446542,1.0649599998941994,35.31170899987046,67.0
1790538751,60,GET,/,15.500000,0.000000,6,7,9,10,26,27,29,30,30,30,30,78,0,7,9.480516423047028,0.9555719998388668,35.31170899987046,67.0
1790538751,60,,Aggregated,15.500000,0.000000,6,7,9,10,26,27,29,30,30,30,30,78,0,7,9.480516423047028,0.9555719998388668,35.31170899987046,67.0
1790538752,75,GET,/,16.333333,0.000000,6,7,7,8,13,27,29,30,30,30,30,112,0,6,7.807125669610774,0.9555719998388668,35.31170899987046,67.0
1790538752,75,,Aggregated,16.333333,0.000000,6,7,7,8,13,27,29,30,30,30,30,112,0,6,7.807125669610774,0.9555719998388668,35.31170899987046,67.0
1790538753,90,GET,/,18.750000,0.000000,6,7,7,8,10,26,28,29,30,30,30,149,0,6,7.003887536884211,0.9555719998388668,35.31170899987046,67.0
1790538753,90,,Aggregated,18.750000,0.000000,6,7,7,8,10,26,28,29,30,30,30,149,0,6,7.003887536884211,0.9555719998388668,35.31170899987046,67.0
1790538754,105,GET,/,20.600000,0.000000,5,7,8,9,17,26,27,29,30,30,30,194,0,6,7.163151005121933,0.9555719998388668,35.31170899987046,67.0
1790538754,105,,Aggregated,20.600000,0.000000,5,7,8,9,17,26,27,29,30,30,30,194,0,6,7.163151005121933,0.9555719998388668,35.31170899987046,67.0
1790538755,120,GET,/,23.333333,0.000000,4,7,8,9,13,21,27,28,30,30,30,246,0,5,6.510405036558625,0.9555719998388668,35.31170899987046,67.0
1790538755,120,,Aggregated,23.333333,0.000000,4,7,8,9,13,21,27,28,30,30,30,246,0,5,6.510405036558625,0.9555719998388668,35.31170899987046,67.0
1790538756,135,GET,/,25.714286,0.000000,3,6,7,8,11,18,27,28,30,30,30,300,0,4,5.935090893315949,0.8314320002682507,35.31170899987046,67.0
1790538756,135,,Aggregated,25.714286,0.000000,3,6,7,8,11,18,27,28,30,30,30,300,0,4,5.935090893315949,0.8314320002682507,35.31170899987046,67.0
1790538757,150,GET,/,29.000000,0.000000,3,6,7,8,10,17,26,27,30,30,30,357,0,3,5.520269084025982,0.8314320002682507,35.31170899987046,67.0
1790538757,150,,Aggregated,29.000000,0.000000,3,6,7,8,10,17,26,27,30,30,30,357,0,3,5.520269084025982,0.8314320002682507,35.31170899987046,67.0
1790538758,150,GET,/,30.777778,0.000000,2,5,7,7,9,16,26,27,30,30,30,409,0,2,5.025958464538433,0.8314320002682507,35.31170899987046,67.0
1790538758,150,,Aggregated,30.777778,0.000000,2,5,7,7,9,16,26,27,30,30,30,409,0,2,5.025958464538433,0.8314320002682507,35.31170899987046,67.0
1790538759,150,GET,/,32.900000,0.000000,2,3,6,6,8,10,17,18,23,23,23,465,0,2,4.5931365268687285,0.7274200002029829,35.31170899987046,67.0
1790538759,150,,Aggregated,32.900000,0.000000,2,3,6,6,8,10,17,18,23,23,23,465,0,2,4.5931365268687285,0.7274200002029829,35.31170899987046,67.0
1790538760,150,GET,/,36.400000,0.000000,2,3,5,6,8,11,18,20,27,27,27,513,0,2,4.498534808956296,0.7211689999166992,35.31170899987046,67.0
1790538760,150,,Aggregated,36.400000,0.000000,2,3,5,6,8,11,18,20,27,27,27,513,0,2,4.498534808956296,0.7211689999166992,35.31170899987046,67.0
1790538761,150,GET,/,40.700000,0.000000,2,2,4,6,8,11,18,20,27,27,27,543,0,2,4.429870863709959,0.7211689999166992,35.31170899987046,67.0
1790538761,150,,Aggregated,40.700000,0.000000,2,2,4,6,8,11,18,20,27,27,27,543,0,2,4.429870863709959,0.7211689999166992,35.31170899987046,67.0
1790538762,150,GET,/,44.000000,0.000000,2,2,3,4,8,10,17,20,27,27,27,601,0,2,4.140733850242869,0.7211689999166992,35.31170899987046,67.0
1790538762,150,,Aggregated,44.000000,0.000000,2,2,3,4,8,10,17,20,27,27,27,601,0,2,4.140733850242869,0.7211689999166992,35.31170899987046,67.0
1790538763,150,GET,/,45.100000,0.000000,2,2,2,3,7,8,10,13,27,27,27,668,0,2,3.932473101785346,0.7211689999166992,35.31170899987046,67.0
1790538763,150,,Aggregated,45.100000,0.000000,2,2,2,3,7,8,10,13,27,27,27,668,0,2,3.932473101785346,0.7211689999166992,35.31170899987046,67.0
1790538764,150,GET,/,47.200000,0.000000,2,2,2,2,6,8,9,13,27,27,27,708,0,2,3.833047927953931,0.7211689999166992,35.31170899987046,67.0
1790538764,150,,Aggregated,47.200000,0.000000,2,2,2,2,6,8,9,13,27,27,27,708,0,2,3.833047927953931,0.7211689999166992,35.31170899987046,67.0
1790538765,150,GET,/,49.900000,0.000000,2,2,2,2,4,7,9,13,27,27,27,754,0,2,3.7188354044954863,0.7211689999166992,35.31170899987046,67.0
1790538765,150,,Aggregated,49.900000,0.000000,2,2,2,2,4,7,9,13,27,27,27,754,0,2,3.7188354044954863,0.7211689999166992,35.31170899987046,67.0
1790538766,150,GET,/,50.600000,0.000000,2,2,2,2,3,4,9,13,27,27,27,805,0,2,3.594037667068015,0.7211689999166992,35.31170899987046,67.0
1790538766,150,,Aggregated,50.600000,0.000000,2,2,2,2,3,4,9,13,27,27,27,805,0,2,3.594037667068015,0.7211689999166992,35.31170899987046,67.0
1790538767,150,GET,/,49.800000,0.000000,2,2,2,2,3,4,9,13,27,27,27,848,0,2,3.4918435978637854,0.6829139997535094,35.31170899987046,67.0
1790538767,150,,Aggregated,49.800000,0.000000,2,2,2,2,3,4,9,13,27,27,27,848,0,2,3.4918435978637854,0.6829139997535094,35.31170899987046,67.0
1790538768,150,GET,/,49.800000,0.000000,2,2,2,2,3,4,10,13,27,27,27,900,0,2,3.3941481933223057,0.6829139997535094,35.31170899987046,67.0
1790538768,150,,Aggregated,49.800000,0.000000,2,2,2,2,3,4,10,13,27,27,27,900,0,2,3.3941481933223057,0.6829139997535094,35.31170899987046,67.0
1790538769,150,GET,/,50.200000,0.000000,2,2,2,2,3,5,10,13,27,27,27,942,0,2,3.355523701688044,0.6829139997535094,35.31170899987046,67.0
1790538769,150,,Aggregated,50.200000,0.000000,2,2,2,2,3,5,10,13,27,27,27,942,0,2,3.355523701688044,0.6829139997535094,35.31170899987046,67.0
1790538770,150,GET,/,50.000000,0.000000,2,2,2,2,3,4,7,11,14,14,14,1001,0,2,3.258936387601034,0.6829139997535094,35.31170899987046,67.0
1790538770,150,,Aggregated,50.000000,0.000000,2,2,2,2,3,4,7,11,14,14,14,1001,0,2,3.258936387601034,0.6829139997535094,35.31170899987046,67.0
1790538771,150,GET,/,49.100000,0.000000,2,2,2,2,3,4,6,9,14,14,14,1060,0,2,3.161658135838977,0.6829139997535094,35.31170899987046,67.0
1790538771,150,,Aggregated,49.100000,0.000000,2,2,2,2,3,4,6,9,14,14,14,1060,0,2,3.161658135838977,0.6829139997535094,35.31170899987046,67.0
1790538772,150,GET,/,48.700000,0.000000,1,2,2,2,2,3,6,8,14,14,14,1105,0,2,3.0947080479543163,0.6829139997535094,35.31170899987046,67.0
1790538772,150,,Aggregated,48.700000,0.000000,1,2,2,2,2,3,6,8,14,14,14,1105,0,2,3.0947080479543163,0.6829139997535094,35.31170899987046,67.0
1790538773,150,GET,/,50.200000,0.000000,1,2,2,2,3,4,6,8,14,14,14,1161,0,2,3.0495659758715434,0.6829139997535094,35.31170899987046,67.0
1790538773,150,,Aggregated,50.200000,0.000000,1,2,2,2,3,4,6,8,14,14,14,1161,0,2,3.0495659758715434,0.6829139997535094,35.31170899987046,67.0
1790538774,150,GET,/,50.800000,0.000000,1,2,2,2,3,4,7,11,16,16,16,1205,0,2,3.063873185051703,0.6829139997535094,35.31170899987046,67.0
1790538774,150,,Aggregated,50.800000,0.000000,1,2,2,2,3,4,7,11,16,16,16,1205,0,2,3.063873185051703,0.6829139997535094,35.31170899987046,67.0
1790538775,150,GET,/,49.600000,0.000000,2,2,2,2,4,6,10,14,17,17,17,1263,0,2,3.124520519388317,0.6829139997535094,35.31170899987046,67.0
1790538775,150,,Aggregated,49.600000,0.000000,2,2,2,2,4,6,10,14,17,17,17,1263,0,2,3.124520519388317,0.6829139997535094,35.31170899987046,67.0
1790538776,150,GET,/,49.900000,0.000000,2,2,2,2,4,7,11,14,17,17,17,1310,0,2,3.0875283885396003,0.6051139998817234,35.31170899987046,67.0
1790538776,150,,Aggregated,49.900000,0.000000,2,2,2,2,4,7,11,14,17,17,17,1310,0,2,3.0875283885396003,0.6051139998817234,35.31170899987046,67.0
1790538777,150,GET,/,50.700000,0.000000,2,2,2,3,5,7,11,14,17,17,17,1366,0,2,3.071950931175833,0.6051139998817234,35.31170899987046,67.0
1790538777,150,,Aggregated,50.700000,0.000000,2,2,2,3,5,7,11,14,17,17,17,1366,0,2,3.071950931175833,0.6051139998817234,35.31170899987046,67.0
1790538778,150,GET,/,51.200000,0.000000,2,2,2,3,5,7,10,14,17,17,17,1425,0,2,3.024745833674643,0.6051139998817234,35.31170899987046,67.0
1790538778,150,,Aggregated,51.200000,0.000000,2,2,2,3,5,7,10,14,17,17,17,1425,0,2,3.024745833674643,0.6051139998817234,35.31170899987046,67.0
1790538779,150,GET,/,51.200000,0.000000,2,2,2,3,5,7,10,14,17,17,17,1471,0,2,2.9847271209951973,0.6051139998817234,35.31170899987046,67.0
1790538779,150,,Aggregated,51.200000,0.000000,2,2,2,3,5,7,10,14,17,17,17,1471,0,2,2.9847271209951973,0.6051139998817234,35.31170899987046,67.0
1790538780,150,GET,/,51.500000,0.000000,2,2,2,3,5,8,13,17,40,40,40,1515,0,2,3.0199226211101537,0.6051139998817234,40.411567999854014,67.0
1790538780,150,,Aggregated,51.500000,0.000000,2,2,2,3,5,8,13,17,40,40,40,1515,0,2,3.0199226211101537,0.6051139998817234,40.411567999854014,67.0
1790538781,150,GET,/,51.200000,0.000000,2,2,2,3,5,8,13,17,40,40,40,1564,0,2,2.9770746540802775,0.6051139998817234,40.411567999854014,67.0
1790538781,150,,Aggregated,51.200000,0.000000,2,2,2,3,5,8,13,17,40,40,40,1564,0,2,2.9770746540802775,0.6051139998817234,40.411567999854014,67.0
1790538782,150,GET,/,51.800000,0.000000,2,2,2,3,5,8,13,17,40,40,40,1618,0,2,2.938700054993319,0.6051139998817234,40.411567999854014,67.0
1790538782,150,,Aggregated,51.800000,0.000000,2,2,2,3,5,8,13,17,40,40,40,1618,0,2,2.938700054993319,0.6051139998817234,40.411567999854014,67.0
1790538783,150,GET,/,50.700000,0.000000,2,2,2,3,5,8,13,17,40,40,40,1670,0,2,2.886286559268484,0.6051139998817234,40.411567999854014,67.0
1790538783,150,,Aggregated,50.700000,0.000000,2,2,2,3,5,8,13,17,40,40,40,1670,0,2,2.886286559268484,0.6051139998817234,40.411567999854014,67.0
1790538784,150,GET,/,51.500000,0.000000,1,2,2,2,3,6,9,16,40,40,40,1724,0,2,2.8508559205214428,0.6051139998817234,40.411567999854014,67.0
1790538784,150,,Aggregated,51.500000,0.000000,1,2,2,2,3,6,9,16,40,40,40,1724,0,2,2.8508559205214428,0.6051139998817234,40.411567999854014,67.0
1790538785,150,GET,/,50.300000,0.000000,1,2,2,2,3,5,8,12,40,40,40,1773,0,2,2.8187466023565513,0.6051139998817234,40.411567999854014,67.0
1790538785,150,,Aggregated,50.300000,0.000000,1,2,2,2,3,5,8,12,40,40,40,1773,0,2,2.8187466023565513,0.6051139998817234,40.411567999854014,67.0
1790538786,150,GET,/,51.400000,0.000000,1,2,2,2,3,4,7,11,40,40,40,1818,0,2,2.782942543441431,0.6051139998817234,40.411567999854014,67.0
1790538786,150,,Aggregated,51.400000,0.000000,1,2,2,2,3,4,7,11,40,40,40,1818,0,2,2.782942543441431,0.6051139998817234,40.411567999854014,67.0
1790538787,150,GET,/,51.100000,0.000000,1,2,2,2,2,3,7,11,40,40,40,1875,0,2,2.735093826655793,0.6051139998817234,40.411567999854014,67.0
1790538787,150,,Aggregated,51.100000,0.000000,1,2,2,2,2,3,7,11,40,40,40,1875,0,2,2.735093826655793,0.6051139998817234,40.411567999854014,67.0
1790538788,150,GET,/,50.500000,0.000000,1,1,2,2,2,3,7,11,40,40,40,1929,0,2,2.7005820430161815,0.6051139998817234,40.411567999854014,67.0
1790538788,150,,Aggregated,50.500000,0.000000,1,1,2,2,2,3,7,11,40,40,40,1929,0,2,2.7005820430161815,0.6051139998817234,40.411567999854014,67.0
1790538789,150,GET,/,49.800000,0.000000,1,1,2,2,2,3,7,11,40,40,40,1976,0,2,2.6717966558594948,0.6051139998817234,40.411567999854014,67.0
1790538789,150,,Aggregated,49.800000,0.000000,1,1,2,2,2,3,7,11,40,40,40,1976,0,2,2.6717966558594948,0.6051139998817234,40.411567999854014,67.0
1790538790,150,GET,/,51.000000,0.000000,1,1,2,2,2,3,4,7,11,11,11,2032,0,2,2.6353477859146994,0.6051139998817234,40.411567999854014,67.0
1790538790,150,,Aggregated,51.000000,0.000000,1,1,2,2,2,3,4,7,11,11,11,2032,0,2,2.6353477859146994,0.6051139998817234,40.411567999854014,67.0
1790538791,150,GET,/,51.200000,0.000000,1,1,1,2,2,3,3,7,11,11,11,2083,0,2,2.60022155303848,0.6051139998817234,40.411567999854014,67.0
1790538791,150,,Aggregated,51.200000,0.000000,1,1,1,2,2,3,3,7,11,11,11,2083,0,2,2.60022155303848,0.6051139998817234,40.411567999854014,67.0
1790538792,150,GET,/,50.400000,0.000000,1,1,2,2,2,3,7,9,19,19,19,2130,0,2,2.6039762018678028,0.6051139998817234,40.411567999854014,67.0
1790538792,150,,Aggregated,50.400000,0.000000,1,1,2,2,2,3,7,9,19,19,19,2130,0,2,2.6039762018678028,0.6051139998817234,40.411567999854014,67.0
1790538793,150,GET,/,52.500000,0.000000,1,1,2,2,2,3,8,10,23,23,23,2178,0,2,2.603411167116512,0.6051139998817234,40.411567999854014,67.0
1790538793,150,,Aggregated,52.500000,0.000000,1,1,2,2,2,3,8,10,23,23,23,2178,0,2,2.603411167116512,0.6051139998817234,40.411567999854014,67.0
1790538794,150,GET,/,50.900000,0.000000,1,1,2,2,2,3,7,9,23,23,23,2231,0,1,2.5744186709890857,0.6051139998817234,40.411567999854014,67.0
1790538794,150,,Aggregated,50.900000,0.000000,1,1,2,2,2,3,7,9,23,23,23,2231,0,1,2.5744186709890857,0.6051139998817234,40.411567999854014,67.0
1790538795,150,GET,/,51.600000,0.000000,1,1,2,2,2,3,7,9,23,23,23,2276,0,1,2.5496108703766116,0.6051139998817234,40.411567999854014,67.0
1790538795,150,,Aggregated,51.600000,0.000000,1,1,2,2,2,3,7,9,23,23,23,2276,0,1,2.5496108703766116,0.6051139998817234,40.411567999854014,67.0
1790538796,150,GET,/,50.400000,0.000000,1,1,2,2,2,3,7,9,23,23,23,2321,0,1,2.5300775674179667,0.6051139998817234,40.411567999854014,67.0
1790538796,150,,Aggregated,50.400000,0.000000,1,1,2,2,2,3,7,9,23,23,23,2321,0,1,2.5300775674179667,0.6051139998817234,40.411567999854014,67.0
1790538797,150,GET,/,49.400000,0.000000,1,1,2,2,2,3,8,9,23,23,23,2367,0,1,2.508904777346586,0.6051139998817234,40.411567999854014,67.0
1790538797,150,,Aggregated,49.400000,0.000000,1,1,2,2,2,3,8,9,23,23,23,2367,0,1,2.508904777346586,0.6051139998817234,40.411567999854014,67.0
1790538798,150,GET,/,50.200000,0.000000,1,1,2,2,2,3,7,9,23,23,23,2420,0,1,2.483440266106555,0.6051139998817234,40.411567999854014,67.0
1790538798,150,,Aggregated,50.200000,0.000000,1,1,2,2,2,3,7,9,23,23,23,2420,0,1,2.483440266106555,0.6051139998817234,40.411567999854014,67.0
1790538799,150,GET,/,50.300000,0.000000,1,1,2,2,2,3,7,9,23,23,23,2466,0,1,2.462750703559993,0.6051139998817234,40.411567999854014,67.0
1790538799,150,,Aggregated,50.300000,0.000000,1,1,2,2,2,3,7,9,23,23,23,2466,0,1,2.462750703559993,0.6051139998817234,40.411567999854014,67.0
1790538800,150,GET,/,48.600000,0.000000,1,1,2,2,2,3,8,9,23,23,23,2514,0,1,2.4499667521787734,0.6051139998817234,40.411567999854014,67.0
1790538800,150,,Aggregated,48.600000,0.000000,1,1,2,2,2,3,8,9,23,23,23,2514,0,1,2.4499667521787734,0.6051139998817234,40.411567999854014,67.0
1790538801,150,GET,/,49.700000,0.000000,1,1,2,2,2,3,8,9,23,23,23,2553,0,1,2.433824854279455,0.6051139998817234,40.411567999854014,67.0
1790538801,150,,Aggregated,49.700000,0.000000,1,1,2,2,2,3,8,9,23,23,23,2553,0,1,2.433824854279455,0.6051139998817234,40.411567999854014,67.0
1790538802,150,GET,/,48.600000,0.000000,1,1,2,2,2,3,4,7,18,18,18,2614,0,1,2.4201174709163302,0.6051139998817234,40.411567999854014,67.0
1790538802,150,,Aggregated,48.600000,0.000000,1,1,2,2,2,3,4,7,18,18,18,2614,0,1,2.4201174709163302,0.6051139998817234,40.411567999854014,67.0
1790538803,150,GET,/,47.000000,0.000000,1,1,2,2,2,3,4,7,18,18,18,2671,0,1,2.4017852586945736,0.6051139998817234,40.411567999854014,67.0
1790538803,150,,Aggregated,47.000000,0.000000,1,1,2,2,2,3,4,7,18,18,18,2671,0,1,2.4017852586945736,0.6051139998817234,40.411567999854014,67.0
1790538804,150,GET,/,47.600000,0.000000,1,1,2,2,2,3,4,7,18,18,18,2711,0,1,2.3937352415983963,0.6051139998817234,40.411567999854014,67.0
1790538804,150,,Aggregated,47.600000,0.000000,1,1,2,2,2,3,4,7,18,18,18,2711,0,1,2.3937352415983963,0.6051139998817234,40.411567999854014,67.0
1790538805,150,GET,/,49.600000,0.000000,1,1,2,2,2,3,4,8,18,18,18,2762,0,1,2.38130499999013,0.6051139998817234,40.411567999854014,67.0
1790538805,150,,Aggregated,49.600000,0.000000,1,1,2,2,2,3,4,8,18,18,18,2762,0,1,2.38130499999013,0.6051139998817234,40.411567999854014,67.0
1790538806,150,GET,/,48.300000,0.000000,1,1,2,2,2,3,4,7,18,18,18,2812,0,1,2.3609364416686414,0.6051139998817234,40.411567999854014,67.0
1790538806,150,,Aggregated,48.300000,0.000000,1,1,2,2,2,3,4,7,18,18,18,2812,0,1,2.3609364416686414,0.6051139998817234,40.411567999854014,67.0
1790538807,150,GET,/,49.100000,0.000000,1,1,2,2,2,3,4,7,18,18,18,2864,0,1,2.343317526176932,0.6051139998817234,40.411567999854014,67.0
1790538807,150,,Aggregated,49.100000,0.000000,1,1,2,2,2,3,4,7,18,18,18,2864,0,1,2.343317526176932,0.6051139998817234,40.411567999854014,67.0
1790538808,150,GET,/,48.900000,0.000000,1,1,2,2,2,3,4,7,18,18,18,2904,0,1,2.3318520358037116,0.6051139998817234,40.411567999854014,67.0
1790538808,150,,Aggregated,48.900000,0.000000,1,1,2,2,2,3,4,7,18,18,18,2904,0,1,2.3318520358037116,0.6051139998817234,40.411567999854014,67.0
1790538809,150,GET,/,49.400000,0.000000,1,1,2,2,2,3,4,8,18,18,18,2957,0,1,2.322655665192867,0.6051139998817234,40.411567999854014,67.0
1790538809,150,,Aggregated,49.400000,0.000000,1,1,2,2,2,3,4,8,18,18,18,2957,0,1,2.322655665192867,0.6051139998817234,40.411567999854014,67.0
1790538810,150,GET,/,49.400000,0.000000,1,1,2,2,2,3,4,8,22,22,22,3005,0,1,2.3185777470804507,0.6051139998817234,40.411567999854014,67.0
1790538810,150,,Aggregated,49.400000,0.000000,1,1,2,2,2,3,4,8,22,22,22,3005,0,1,2.3185777470804507,0.6051139998817234,40.411567999854014,67.0
1790538811,150,GET,/,48.400000,0.000000,1,1,2,2,2,3,5,8,22,22,22,3055,0,1,2.3052381096488057,0.6051139998817234,40.411567999854014,67.0
1790538811,150,,Aggregated,48.400000,0.000000,1,1,2,2,2,3,5,8,22,22,22,3055,0,1,2.3052381096488057,0.6051139998817234,40.411567999854014,67.0
1790538812,150,GET,/,50.100000,0.000000,1,1,2,2,3,3,4,5,22,22,22,3107,0,1,2.300909821685441,0.6051139998817234,40.411567999854014,67.0
1790538812,150,,Aggregated,50.100000,0.000000,1,1,2,2,3,3,4,5,22,22,22,3107,0,1,2.300909821685441,0.6051139998817234,40.411567999854014,67.0
1790538813,150,GET,/,50.200000,0.000000,1,2,2,2,3,4,5,11,22,22,22,3160,0,1,2.3089832471451768,0.6051139998817234,40.411567999854014,67.0
1790538813,150,,Aggregated,50.200000,0.000000,1,2,2,2,3,4,5,11,22,22,22,3160,0,1,2.3089832471451768,0.6051139998817234,40.411567999854014,67.0
1790538814,150,GET,/,48.800000,0.000000,1,2,2,2,3,4,5,10,22,22,22,3199,0,1,2.3070231600434044,0.6051139998817234,40.411567999854014,67.0
1790538814,150,,Aggregated,48.800000,0.000000,1,2,2,2,3,4,5,10,22,22,22,3199,0,1,2.3070231600434044,0.6051139998817234,40.411567999854014,67.0
1790538815,150,GET,/,48.100000,0.000000,1,2,2,2,3,4,5,12,22,22,22,3249,0,1,2.3019927343735054,0.6051139998817234,40.411567999854014,67.0
1790538815,150,,Aggregated,48.100000,0.000000,1,2,2,2,3,4,5,12,22,22,22,3249,0,1,2.3019927343735054,0.6051139998817234,40.411567999854014,67.0
1790538816,150,GET,/,49.400000,0.000000,1,2,2,2,3,4,7,12,22,22,22,3296,0,1,2.297341906851006,0.6051139998817234,40.411567999854014,67.0
1790538816,150,,Aggregated,49.400000,0.000000,1,2,2,2,3,4,7,12,22,22,22,3296,0,1,2.297341906851006,0.6051139998817234,40.411567999854014,67.0
1790538817,150,GET,/,48.200000,0.000000,1,2,2,2,3,4,8,12,22,22,22,3356,0,1,2.2913164704946034,0.6051139998817234,40.411567999854014,67.0
1790538817,150,,Aggregated,48.200000,0.000000,1,2,2,2,3,4,8,12,22,22,22,3356,0,1,2.2913164704946034,0.6051139998817234,40.411567999854014,67.0
1790538818,150,GET,/,48.400000,0.000000,1,2,2,2,4,5,8,10,22,22,22,3397,0,1,2.2880949037319906,0.6051139998817234,40.411567999854014,67.0
1790538818,150,,Aggregated,48.400000,0.000000,1,2,2,2,4,5,8,10,22,22,22,3397,0,1,2.2880949037319906,0.6051139998817234,40.411567999854014,67.0
1790538819,150,GET,/,48.500000,0.000000,1,2,2,2,3,4,8,10,14,14,14,3439,0,1,2.28273624337794,0.6051139998817234,40.411567999854014,67.0
1790538819,150,,Aggregated,48.500000,0.000000,1,2,2,2,3,4,8,10,14,14,14,3439,0,1,2.28273624337794,0.6051139998817234,40.411567999854014,67.0
1790538820,150,GET,/,48.700000,0.000000,2,2,2,2,3,5,8,10,14,14,14,3494,0,1,2.279726289346581,0.6051139998817234,40.411567999854014,67.0
1790538820,150,,Aggregated,48.700000,0.000000,2,2,2,2,3,5,8,10,14,14,14,3494,0,1,2.279726289346581,0.6051139998817234,40.411567999854014,67.0
1790538821,150,GET,/,48.400000,0.000000,2,2,2,2,3,5,9,12,16,16,16,3547,0,1,2.2762268215331662,0.6051139998817234,40.411567999854014,67.0
1790538821,150,,Aggregated,48.400000,0.000000,2,2,2,2,3,5,9,12,16,16,16,3547,0,1,2.2762268215331662,0.6051139998817234,40.411567999854014,67.0
1790538822,150,GET,/,47.300000,0.000000,1,2,2,2,3,5,9,12,16,16,16,3602,0,1,2.2629663894998675,0.6051139998817234,40.411567999854014,67.0
1790538822,150,,Aggregated,47.300000,0.000000,1,2,2,2,3,5,9,12,16,16,16,3602,0,1,2.2629663894998675,0.6051139998817234,40.411567999854014,67.0
1790538823,150,GET,/,48.600000,0.000000,1,2,2,2,3,4,8,10,16,16,16,3639,0,1,2.253901524862965,0.6051139998817234,40.411567999854014,67.0
1790538823,150,,Aggregated,48.600000,0.000000,1,2,2,2,3,4,8,10,16,16,16,3639,0,1,2.253901524862965,0.6051139998817234,40.411567999854014,67.0
1790538824,150,GET,/,50.500000,0.000000,1,2,2,2,3,4,8,10,16,16,16,3680,0,1,2.2502625864058987,0.6051139998817234,40.411567999854014,67.0
1790538824,150,,Aggregated,50.500000,0.000000,1,2,2,2,3,4,8,10,16,16,16,3680,0,1,2.2502625864058987,0.6051139998817234,40.411567999854014,67.0
1790538825,150,GET,/,48.600000,0.000000,1,2,2,2,3,4,8,11,16,16,16,3736,0,1,2.2554715931415283,0.6051139998817234,40.411567999854014,67.0
1790538825,150,,Aggregated,48.600000,0.000000,1,2,2,2,3,4,8,11,16,16,16,3736,0,1,2.2554715931415283,0.6051139998817234,40.411567999854014,67.0
1790538826,150,GET,/,48.300000,0.000000,1,2,2,2,3,4,8,11,16,16,16,3794,0,1,2.245775972845504,0.6051139998817234,40.411567999854014,67.0
1790538826,150,,Aggregated,48.300000,0.000000,1,2,2,2,3,4,8,11,16,16,16,3794,0,1,2.245775972845504,0.6051139998817234,40.411567999854014,67.0
1790538827,150,GET,/,48.900000,0.000000,1,2,2,2,3,4,8,11,16,16,16,3838,0,1,2.2355100844120184,0.6051139998817234,40.411567999854014,67.0
1790538827,150,,Aggregated,48.900000,0.000000,1,2,2,2,3,4,8,11,16,16,16,3838,0,1,2.2355100844120184,0.6051139998817234,40.411567999854014,67.0
1790538828,150,GET,/,49.600000,0.000000,1,2,2,2,3,4,6,11,16,16,16,3885,0,1,2.2275359588093124,0.6051139998817234,40.411567999854014,67.0
1790538828,150,,Aggregated,49.600000,0.000000,1,2,2,2,3,4,6,11,16,16,16,3885,0,1,2.2275359588093124,0.6051139998817234,40.411567999854014,67.0
1790538829,150,GET,/,49.300000,0.000000,1,2,2,2,3,4,6,11,40,40,40,3941,0,1,2.2234307533551037,0.6051139998817234,40.411567999854014,67.0
1790538829,150,,Aggregated,49.300000,0.000000,1,2,2,2,3,4,6,11,40,40,40,3941,0,1,2.2234307533551037,0.6051139998817234,40.411567999854014,67.0
1790538830,150,GET,/,49.000000,0.000000,1,1,2,2,3,4,6,8,40,40,40,3995,0,1,2.216409331657438,0.6051139998817234,40.411567999854014,67.0
1790538830,150,,Aggregated,49.000000,0.000000,1,1,2,2,3,4,6,8,40,40,40,3995,0,1,2.216409331657438,0.6051139998817234,40.411567999854014,67.0
1790538831,150,GET,/,49.400000,0.000000,1,2,2,2,3,4,6,11,40,40,40,4042,0,1,2.218491742199989,0.6051139998817234,40.411567999854014,67.0
1790538831,150,,Aggregated,49.400000,0.000000,1,2,2,2,3,4,6,11,40,40,40,4042,0,1,2.218491742199989,0.6051139998817234,40.411567999854014,67.0
1790538832,150,GET,/,50.800000,0.000000,1,2,2,2,3,4,6,11,40,40,40,4093,0,1,2.209721301239658,0.6051139998817234,40.411567999854014,67.0
1790538832,150,,Aggregated,50.800000,0.000000,1,2,2,2,3,4,6,11,40,40,40,4093,0,1,2.209721301239658,0.6051139998817234,40.411567999854014,67.0
1790538833,150,GET,/,49.600000,0.000000,1,2,2,2,3,4,6,11,40,40,40,4135,0,1,2.200160775084976,0.6051139998817234,40.411567999854014,67.0
1790538833,150,,Aggregated,49.600000,0.000000,1,2,2,2,3,4,6,11,40,40,40,4135,0,1,2.200160775084976,0.6051139998817234,40.411567999854014,67.0
1790538834,150,GET,/,49.100000,0.000000,1,1,2,2,2,3,6,10,40,40,40,4192,0,1,2.1873549083911694,0.6051139998817234,40.411567999854014,67.0
1790538834,150,,Aggregated,49.100000,0.000000,1,1,2,2,2,3,6,10,40,40,40,4192,0,1,2.1873549083911694,0.6051139998817234,40.411567999854014,67.0
1790538835,150,GET,/,49.100000,0.000000,1,1,2,2,2,3,4,8,40,40,40,4235,0,1,2.1791715426155145,0.6051139998817234,40.411567999854014,67.0
1790538835,150,,Aggregated,49.100000,0.000000,1,1,2,2,2,3,4,8,40,40,40,4235,0,1,2.1791715426155145,0.6051139998817234,40.411567999854014,67.0
1790538836,150,GET,/,49.700000,0.000000,1,1,2,2,2,3,8,9,40,40,40,4292,0,1,2.1855406390905374,0.6051139998817234,40.411567999854014,67.0
1790538836,150,,Aggregated,49.700000,0.000000,1,1,2,2,2,3,8,9,40,40,40,4292,0,1,2.1855406390905374,0.6051139998817234,40.411567999854014,67.0
1790538837,150,GET,/,50.300000,0.000000,1,1,2,2,2,3,8,9,40,40,40,4338,0,1,2.177829943516546,0.6051139998817234,40.411567999854014,67.0
1790538837,150,,Aggregated,50.300000,0.000000,1,1,2,2,2,3,8,9,40,40,40,4338,0,1,2.177829943516546,0.6051139998817234,40.411567999854014,67.0
1790538838,150,GET,/,49.800000,0.000000,1,1,2,2,2,3,6,9,40,40,40,4391,0,1,2.168227982686299,0.6051139998817234,40.411567999854014,67.0
1790538838,150,,Aggregated,49.800000,0.000000,1,1,2,2,2,3,6,9,40,40,40,4391,0,1,2.168227982686299,0.6051139998817234,40.411567999854014,67.0
1790538839,150,GET,/,49.200000,0.000000,1,2,2,2,3,3,6,9,13,13,13,4436,0,1,2.1624976057201377,0.6051139998817234,40.411567999854014,67.0
1790538839,150,,Aggregated,49.200000,0.000000,1,2,2,2,3,3,6,9,13,13,13,4436,0,1,2.1624976057201377,0.6051139998817234,40.411567999854014,67.0
1790538840,150,GET,/,50.200000,0.000000,1,2,2,2,2,3,5,8,9,9,9,4478,0,1,2.156610415805058,0.6051139998817234,40.411567999854014,67.0
1790538840,150,,Aggregated,50.200000,0.000000,1,2,2,2,2,3,5,8,9,9,9,4478,0,1,2.156610415805058,0.6051139998817234,40.411567999854014,67.0
1790538841,150,GET,/,49.500000,0.000000,1,1,2,2,2,3,5,8,9,9,9,4531,0,1,2.146792378939304,0.6051139998817234,40.411567999854014,67.0
1790538841,150,,Aggregated,49.500000,0.000000,1,1,2,2,2,3,5,8,9,9,9,4531,0,1,2.146792378939304,0.6051139998817234,40.411567999854014,67.0
1790538842,150,GET,/,47.900000,0.000000,1,1,2,2,2,3,5,8,9,9,9,4578,0,1,2.137010221051576,0.6051139998817234,40.411567999854014,67.0
1790538842,150,,Aggregated,47.900000,0.000000,1,1,2,2,2,3,5,8,9,9,9,4578,0,1,2.137010221051576,0.6051139998817234,40.411567999854014,67.0
1790538843,150,GET,/,48.600000,0.000000,1,1,2,2,2,3,5,8,9,9,9,4621,0,1,2.1332552319788807,0.6051139998817234,40.411567999854014,67.0
1790538843,150,,Aggregated,48.600000,0.000000,1,1,2,2,2,3,5,8,9,9,9,4621,0,1,2.1332552319788807,0.6051139998817234,40.411567999854014,67.0
1790538844,150,GET,/,48.600000,0.000000,1,1,2,2,2,3,5,8,9,9,9,4671,0,1,2.125491542277025,0.6051139998817234,40.411567999854014,67.0
1790538844,150,,Aggregated,48.600000,0.000000,1,1,2,2,2,3,5,8,9,9,9,4671,0,1,2.125491542277025,0.6051139998817234,40.411567999854014,67.0
1790538845,150,GET,/,48.800000,0.000000,1,1,2,2,2,3,4,5,9,9,9,4729,0,1,2.1154648183498725,0.6051139998817234,40.411567999854014,67.0
1790538845,150,,Aggregated,48.800000,0.000000,1,1,2,2,2,3,4,5,9,9,9,4729,0,1,2.1154648183498725,0.6051139998817234,40.411567999854014,67.0
1790538846,150,GET,/,48.200000,0.000000,1,1,2,2,2,3,3,4,7,7,7,4775,0,1,2.108404467011144,0.6051139998817234,40.411567999854014,67.0
1790538846,150,,Aggregated,48.200000,0.000000,1,1,2,2,2,3,3,4,7,7,7,4775,0,1,2.108404467011144,0.6051139998817234,40.411567999854014,67.0
1790538847,150,GET,/,48.500000,0.000000,1,1,2,2,2,3,4,5,19,19,19,4817,0,1,2.1111010954903806,0.6051139998817234,40.411567999854014,67.0
1790538847,150,,Aggregated,48.500000,0.000000,1,1,2,2,2,3,4,5,19,19,19,4817,0,1,2.1111010954903806,0.6051139998817234,40.411567999854014,67.0
1790538848,150,GET,/,48.400000,0.000000,1,1,2,2,2,3,4,5,19,19,19,4878,0,1,2.103205682036878,0.6051139998817234,40.411567999854014,67.0
1790538848,150,,Aggregated,48.400000,0.000000,1,1,2,2,2,3,4,5,19,19,19,4878,0,1,2.103205682036878,0.6051139998817234,40.411567999854014,67.0
1790538849,150,GET,/,48.200000,0.000000,1,1,2,2,2,3,4,7,50,50,50,4928,0,1,2.1105509592075022,0.6051139998817234,50.02196399982495,67.0
1790538849,150,,Aggregated,48.200000,0.000000,1,1,2,2,2,3,4,7,50,50,50,4928,0,1,2.1105509592075022,0.6051139998817234,50.02196399982495,67.0
1790538850,150,GET,/,47.800000,0.000000,1,2,2,2,2,3,8,28,75,75,75,4975,0,1,2.1626981165776047,0.6051139998817234,75.29772699990644,67.0
1790538850,150,,Aggregated,47.800000,0.000000,1,2,2,2,2,3,8,28,75,75,75,4975,0,1,2.1626981165776047,0.6051139998817234,75.29772699990644,67.0
1790538851,150,GET,/,48.900000,0.000000,1,2,2,2,3,4,13,39,75,75,75,5023,0,1,2.173296954603751,0.6051139998817234,75.29772699990644,67.0
1790538851,150,,Aggregated,48.900000,0.000000,1,2,2,2,3,4,13,39,75,75,75,5023,0,1,2.173296954603751,0.6051139998817234,75.29772699990644,67.0
1790538852,150,GET,/,50.200000,0.000000,1,2,2,2,3,5,13,39,75,75,75,5076,0,1,2.182482995069732,0.6051139998817234,75.29772699990644,67.0
1790538852,150,,Aggregated,50.200000,0.000000,1,2,2,2,3,5,13,39,75,75,75,5076,0,1,2.182482995069732,0.6051139998817234,75.29772699990644,67.0
1790538853,150,GET,/,49.200000,0.000000,1,2,2,2,4,6,17,39,75,75,75,5129,0,1,2.1920062647637213,0.6051139998817234,75.29772699990644,67.0
1790538853,150,,Aggregated,49.200000,0.000000,1,2,2,2,4,6,17,39,75,75,75,5129,0,1,2.1920062647637213,0.6051139998817234,75.29772699990644,67.0
1790538854,150,GET,/,48.600000,0.000000,2,2,2,2,4,6,17,39,75,75,75,5182,0,1,2.1884947780727306,0.6051139998817234,75.29772699990644,67.0
1790538854,150,,Aggregated,48.600000,0.000000,2,2,2,2,4,6,17,39,75,75,75,5182,0,1,2.1884947780727306,0.6051139998817234,75.29772699990644,67.0
1790538855,150,GET,/,49.500000,0.000000,2,2,2,3,4,11,28,50,75,75,75,5221,0,1,2.233549877221291,0.6051139998817234,75.29772699990644,67.0
1790538855,150,,Aggregated,49.500000,0.000000,2,2,2,3,4,11,28,50,75,75,75,5221,0,1,2.233549877221291,0.6051139998817234,75.29772699990644,67.0
1790538856,150,GET,/,50.300000,0.000000,2,2,3,3,5,11,28,50,75,75,75,5280,0,1,2.236957894691665,0.6051139998817234,75.29772699990644,67.0
1790538856,150,,Aggregated,50.300000,0.000000,2,2,3,3,5,11,28,50,75,75,75,5280,0,1,2.236957894691665,0.6051139998817234,75.29772699990644,67.0
1790538857,150,GET,/,50.000000,0.000000,2,2,3,4,7,13,28,50,75,75,75,5332,0,1,2.279153850707381,0.6051139998817234,75.29772699990644,67.0
1790538857,150,,Aggregated,50.000000,0.000000,2,2,3,4,7,13,28,50,75,75,75,5332,0,1,2.279153850707381,0.6051139998817234,75.29772699990644,67.0
1790538858,150,GET,/,50.200000,0.000000,2,3,3,4,7,13,28,50,75,75,75,5380,0,1,2.282907945534023,0.6051139998817234,75.29772699990644,67.0
1790538858,150,,Aggregated,50.200000,0.000000,2,3,3,4,7,13,28,50,75,75,75,5380,0,1,2.282907945534023,0.6051139998817234,75.29772699990644,67.0
1790538859,150,GET,/,50.800000,0.000000,2,3,3,4,7,13,28,44,75,75,75,5439,0,1,2.2837038955638254,0.6051139998817234,75.29772699990644,67.0
1790538859,150,,Aggregated,50.800000,0.000000,2,3,3,4,7,13,28,44,75,75,75,5439,0,1,2.2837038955638254,0.6051139998817234,75.29772699990644,67.0
1790538860,150,GET,/,51.000000,0.000000,2,2,3,4,6,11,17,28,74,74,74,5483,0,1,2.279159181100183,0.6051139998817234,75.29772699990644,67.0
1790538860,150,,Aggregated,51.000000,0.000000,2,2,3,4,6,11,17,28,74,74,74,5483,0,1,2.279159181100183,0.6051139998817234,75.29772699990644,67.0
1790538861,150,GET,/,49.900000,0.000000,2,2,3,4,6,11,17,28,74,74,74,5537,0,1,2.278490266565325,0.6051139998817234,75.29772699990644,67.0
1790538861,150,,Aggregated,49.900000,0.000000,2,2,3,4,6,11,17,28,74,74,74,5537,0,1,2.278490266565325,0.6051139998817234,75.29772699990644,67.0
1790538862,150,GET,/,50.400000,0.000000,2,2,3,3,6,10,17,28,74,74,74,5579,0,1,2.2771941933990174,0.6051139998817234,75.29772699990644,67.0
1790538862,150,,Aggregated,50.400000,0.000000,2,2,3,3,6,10,17,28,74,74,74,5579,0,1,2.2771941933990174,0.6051139998817234,75.29772699990644,67.0
1790538863,150,GET,/,51.100000,0.000000,2,2,3,3,6,9,15,28,74,74,74,5634,0,1,2.269197944261966,0.6051139998817234,75.29772699990644,67.0
1790538863,150,,Aggregated,51.100000,0.000000,2,2,3,3,6,9,15,28,74,74,74,5634,0,1,2.269197944261966,0.6051139998817234,75.29772699990644,67.0
1790538864,150,GET,/,50.800000,0.000000,2,2,3,3,6,10,15,28,74,74,74,5689,0,1,2.2753041597772423,0.6051139998817234,75.29772699990644,67.0
1790538864,150,,Aggregated,50.800000,0.000000,2,2,3,3,6,10,15,28,74,74,74,5689,0,1,2.2753041597772423,0.6051139998817234,75.29772699990644,67.0
1790538865,150,GET,/,50.800000,0.000000,2,2,3,3,5,8,12,14,28,28,28,5730,0,1,2.272763060554087,0.6051139998817234,75.29772699990644,67.0
1790538865,150,,Aggregated,50.800000,0.000000,2,2,3,3,5,8,12,14,28,28,28,5730,0,1,2.272763060554087,0.6051139998817234,75.29772699990644,67.0
1790538866,150,GET,/,49.900000,0.000000,2,2,3,3,4,6,10,13,28,28,28,5782,0,1,2.2726283149386424,0.6051139998817234,75.29772699990644,67.0
1790538866,150,,Aggregated,49.900000,0.000000,2,2,3,3,4,6,10,13,28,28,28,5782,0,1,2.2726283149386424,0.6051139998817234,75.29772699990644,67.0
1790538867,150,GET,/,51.100000,0.000000,2,2,2,3,3,5,8,10,13,13,13,5834,0,1,2.2721642840207226,0.6051139998817234,75.29772699990644,67.0
1790538867,150,,Aggregated,51.100000,0.000000,2,2,2,3,3,5,8,10,13,13,13,5834,0,1,2.2721642840207226,0.6051139998817234,75.29772699990644,67.0
1790538868,150,GET,/,49.200000,0.000000,2,2,2,3,3,5,8,10,13,13,13,5886,0,1,2.269887049095577,0.6051139998817234,75.29772699990644,67.0
1790538868,150,,Aggregated,49.200000,0.000000,2,2,2,3,3,5,8,10,13,13,13,5886,0,1,2.269887049095577,0.6051139998817234,75.29772699990644,67.0
1790538869,150,GET,/,49.900000,0.000000,2,2,2,2,3,5,7,9,13,13,13,5940,0,1,2.262358556057051,0.6051139998817234,75.29772699990644,67.0
1790538869,150,,Aggregated,49.900000,0.000000,2,2,2,2,3,5,7,9,13,13,13,5940,0,1,2.262358556057051,0.6051139998817234,75.29772699990644,67.0
1790538870,150,GET,/,50.000000,0.000000,2,2,2,3,4,6,9,13,32,32,32,5990,0,1,2.2821407792950392,0.6051139998817234,75.29772699990644,67.0
1790538870,150,,Aggregated,50.000000,0.000000,2,2,2,3,4,6,9,13,32,32,32,5990,0,1,2.2821407792950392,0.6051139998817234,75.29772699990644,67.0
1790538871,150,GET,/,51.300000,0.000000,2,2,2,3,4,6,10,16,32,32,32,6038,0,1,2.2873504527953186,0.6051139998817234,75.29772699990644,67.0
1790538871,150,,Aggregated,51.300000,0.000000,2,2,2,3,4,6,10,16,32,32,32,6038,0,1,2.2873504527953186,0.6051139998817234,75.29772699990644,67.0
1790538872,150,GET,/,50.500000,0.000000,2,2,2,3,4,6,10,16,32,32,32,6092,0,1,2.279707039884462,0.6051139998817234,75.29772699990644,67.0
1790538872,150,,Aggregated,50.500000,0.000000,2,2,2,3,4,6,10,16,32,32,32,6092,0,1,2.279707039884462,0.6051139998817234,75.29772699990644,67.0
1790538873,150,GET,/,49.700000,0.000000,2,2,2,3,4,6,10,16,32,32,32,6140,0,1,2.272951292015399,0.6051139998817234,75.29772699990644,67.0
1790538873,150,,Aggregated,49.700000,0.000000,2,2,2,3,4,6,10,16,32,32,32,6140,0,1,2.272951292015399,0.6051139998817234,75.29772699990644,67.0
1790538874,150,GET,/,50.600000,0.000000,2,2,2,2,3,5,9,16,32,32,32,6189,0,1,2.2664980866010658,0.6051139998817234,75.29772699990644,67.0
1790538874,150,,Aggregated,50.600000,0.000000,2,2,2,2,3,5,9,16,32,32,32,6189,0,1,2.2664980866010658,0.6051139998817234,75.29772699990644,67.0
1790538875,150,GET,/,50.500000,0.000000,2,2,2,2,3,5,9,14,32,32,32,6242,0,1,2.2639408570929325,0.6051139998817234,75.29772699990644,67.0
1790538875,150,,Aggregated,50.500000,0.000000,2,2,2,2,3,5,9,14,32,32,32,6242,0,1,2.2639408570929325,0.6051139998817234,75.29772699990644,67.0
1790538876,150,GET,/,51.000000,0.000000,1,2,2,2,3,5,9,16,32,32,32,6281,0,1,2.2593060507841005,0.6051139998817234,75.29772699990644,67.0
1790538876,150,,Aggregated,51.000000,0.000000,1,2,2,2,3,5,9,16,32,32,32,6281,0,1,2.2593060507841005,0.6051139998817234,75.29772699990644,67.0
1790538877,150,GET,/,50.300000,0.000000,1,2,2,2,3,4,7,16,32,32,32,6335,0,1,2.25146279368208,0.6051139998817234,75.29772699990644,67.0
1790538877,150,,Aggregated,50.300000,0.000000,1,2,2,2,3,4,7,16,32,32,32,6335,0,1,2.25146279368208,0.6051139998817234,75.29772699990644,67.0
1790538878,150,GET,/,51.600000,0.000000,1,2,2,2,3,4,7,16,32,32,32,6387,0,1,2.2439407574723385,0.6051139998817234,75.29772699990644,67.0
1790538878,150,,Aggregated,51.600000,0.000000,1,2,2,2,3,4,7,16,32,32,32,6387,0,1,2.2439407574723385,0.6051139998817234,75.29772699990644,67.0
1790538879,150,GET,/,50.100000,0.000000,1,2,2,2,3,5,7,16,32,32,32,6433,0,1,2.2416131293294637,0.6051139998817234,75.29772699990644,67.0
1790538879,150,,Aggregated,50.100000,0.000000,1,2,2,2,3,5,7,16,32,32,32,6433,0,1,2.2416131293294637,0.6051139998817234,75.29772699990644,67.0
1790538880,150,GET,/,49.600000,0.000000,1,1,2,2,2,3,4,6,21,21,21,6489,0,1,2.2336723553669584,0.6051139998817234,75.29772699990644,67.0
1790538880,150,,Aggregated,49.600000,0.000000,1,1,2,2,2,3,4,6,21,21,21,6489,0,1,2.2336723553669584,0.6051139998817234,75.29772699990644,67.0
1790538881,150,GET,/,49.200000,0.000000,1,1,2,2,2,3,3,5,12,12,12,6528,0,1,2.2292639831457803,0.6051139998817234,75.29772699990644,67.0
1790538881,150,,Aggregated,49.200000,0.000000,1,1,2,2,2,3,3,5,12,12,12,6528,0,1,2.2292639831457803,0.6051139998817234,75.29772699990644,67.0
1790538882,150,GET,/,49.400000,0.000000,1,1,2,2,2,3,3,4,12,12,12,6589,0,1,2.2221322748478456,0.6051139998817234,75.29772699990644,67.0
1790538882,150,,Aggregated,49.400000,0.000000,1,1,2,2,2,3,3,4,12,12,12,6589,0,1,2.2221322748478456,0.6051139998817234,75.29772699990644,67.0
1790538883,150,GET,/,49.700000,0.000000,1,2,2,2,2,3,4,5,12,12,12,6640,0,1,2.2205675191226404,0.6051139998817234,75.29772699990644,67.0
1790538883,150,,Aggregated,49.700000,0.000000,1,2,2,2,2,3,4,5,12,12,12,6640,0,1,2.2205675191226404,0.6051139998817234,75.29772699990644,67.0
1790538884,150,GET,/,49.700000,0.000000,1,1,2,2,2,3,4,5,12,12,12,6686,0,1,2.2166512811807615,0.6051139998817234,75.29772699990644,67.0
1790538884,150,,Aggregated,49.700000,0.000000,1,1,2,2,2,3,4,5,12,12,12,6686,0,1,2.2166512811807615,0.6051139998817234,75.29772699990644,67.0
1790538885,150,GET,/,49.900000,0.000000,1,2,2,2,2,3,5,6,12,12,12,6734,0,1,2.2183393229840616,0.6051139998817234,75.29772699990644,67.0
1790538885,150,,Aggregated,49.900000,0.000000,1,2,2,2,2,3,5,6,12,12,12,6734,0,1,2.2183393229840616,0.6051139998817234,75.29772699990644,67.0
1790538886,150,GET,/,49.700000,0.000000,1,2,2,2,3,3,5,9,12,12,12,6787,0,1,2.217962355529,0.6051139998817234,75.29772699990644,67.0
1790538886,150,,Aggregated,49.700000,0.000000,1,2,2,2,3,3,5,9,12,12,12,6787,0,1,2.217962355529,0.6051139998817234,75.29772699990644,67.0
1790538887,150,GET,/,49.600000,0.000000,1,2,2,2,3,3,6,9,12,12,12,6830,0,1,2.2146330286935556,0.6051139998817234,75.29772699990644,67.0
1790538887,150,,Aggregated,49.600000,0.000000,1,2,2,2,3,3,6,9,12,12,12,6830,0,1,2.2146330286935556,0.6051139998817234,75.29772699990644,67.0
1790538888,150,GET,/,49.800000,0.000000,1,2,2,2,3,3,5,8,10,10,10,6884,0,1,2.2101298033088903,0.6051139998817234,75.29772699990644,67.0
1790538888,150,,Aggregated,49.800000,0.000000,1,2,2,2,3,3,5,8,10,10,10,6884,0,1,2.2101298033088903,0.6051139998817234,75.29772699990644,67.0
1790538889,150,GET,/,50.300000,0.000000,1,2,2,2,3,3,5,8,10,10,10,6934,0,1,2.2048864571643403,0.6051139998817234,75.29772699990644,67.0
1790538889,150,,Aggregated,50.300000,0.000000,1,2,2,2,3,3,5,8,10,10,10,6934,0,1,2.2048864571643403,0.6051139998817234,75.29772699990644,67.0
1790538890,150,GET,/,49.800000,0.000000,1,2,2,2,3,3,5,8,10,10,10,6982,0,1,2.2013896661384194,0.6051139998817234,75.29772699990644,67.0
1790538890,150,,Aggregated,49.800000,0.000000,1,2,2,2,3,3,5,8,10,10,10,6982,0,1,2.2013896661384194,0.6051139998817234,75.29772699990644,67.0
1790538891,150,GET,/,49.500000,0.000000,2,2,2,2,3,4,7,9,22,22,22,7035,0,1,2.204619689975927,0.6051139998817234,75.29772699990644,67.0
1790538891,150,,Aggregated,49.500000,0.000000,2,2,2,2,3,4,7,9,22,22,22,7035,0,1,2.204619689975927,0.6051139998817234,75.29772699990644,67.0
1790538892,150,GET,/,49.700000,0.000000,2,2,2,2,3,4,6,9,22,22,22,7090,0,1,2.2037113479523605,0.6051139998817234,75.29772699990644,67.0
1790538892,150,,Aggregated,49.700000,0.000000,2,2,2,2,3,4,6,9,22,22,22,7090,0,1,2.2037113479523605,0.6051139998817234,75.29772699990644,67.0
1790538893,150,GET,/,49.700000,0.000000,1,2,2,2,3,4,6,9,22,22,22,7135,0,1,2.197472298105541,0.6051139998817234,75.29772699990644,67.0
1790538893,150,,Aggregated,49.700000,0.000000,1,2,2,2,3,4,6,9,22,22,22,7135,0,1,2.197472298105541,0.6051139998817234,75.29772699990644,67.0
1790538894,150,GET,/,50.000000,0.000000,1,2,2,2,3,4,6,9,22,22,22,7178,0,1,2.1923248123408934,0.6051139998817234,75.29772699990644,67.0
1790538894,150,,Aggregated,50.000000,0.000000,1,2,2,2,3,4,6,9,22,22,22,7178,0,1,2.1923248123408934,0.6051139998817234,75.29772699990644,67.0
1790538895,150,GET,/,49.900000,0.000000,1,2,2,2,2,3,5,6,22,22,22,7221,0,1,2.1890485971447995,0.6051139998817234,75.29772699990644,67.0
1790538895,150,,Aggregated,49.900000,0.000000,1,2,2,2,2,3,5,6,22,22,22,7221,0,1,2.1890485971447995,0.6051139998817234,75.29772699990644,67.0
1790538896,150,GET,/,50.100000,0.000000,1,2,2,2,2,4,5,6,22,22,22,7279,0,1,2.184832495120431,0.6051139998817234,75.29772699990644,67.0
1790538896,150,,Aggregated,50.100000,0.000000,1,2,2,2,2,4,5,6,22,22,22,7279,0,1,2.184832495120431,0.6051139998817234,75.29772699990644,67.0
1790538897,150,GET,/,48.900000,0.000000,1,2,2,2,2,4,5,9,22,22,22,7328,0,1,2.1846309455489017,0.6051139998817234,75.29772699990644,67.0
1790538897,150,,Aggregated,48.900000,0.000000,1,2,2,2,2,4,5,9,22,22,22,7328,0,1,2.1846309455489017,0.6051139998817234,75.29772699990644,67.0
1790538898,150,GET,/,48.500000,0.000000,1,2,2,2,3,4,6,9,22,22,22,7375,0,1,2.1875719692182782,0.6051139998817234,75.29772699990644,67.0
1790538898,150,,Aggregated,48.500000,0.000000,1,2,2,2,3,4,6,9,22,22,22,7375,0,1,2.1875719692182782,0.6051139998817234,75.29772699990644,67.0
1790538899,150,GET,/,49.600000,0.000000,2,2,2,2,3,4,6,9,22,22,22,7420,0,1,2.18509963935112,0.6051139998817234,75.29772699990644,67.0
1790538899,150,,Aggregated,49.600000,0.000000,2,2,2,2,3,4,6,9,22,22,22,7420,0,1,2.18509963935112,0.6051139998817234,75.29772699990644,67.0
1790538900,150,GET,/,49.300000,0.000000,2,2,2,2,3,5,9,10,22,22,22,7473,0,1,2.1883807057386155,0.6051139998817234,75.29772699990644,67.0
1790538900,150,,Aggregated,49.300000,0.000000,2,2,2,2,3,5,9,10,22,22,22,7473,0,1,2.1883807057386155,0.6051139998817234,75.29772699990644,67.0
1790538901,150,GET,/,49.100000,0.000000,2,2,2,2,3,4,7,9,14,14,14,7526,0,1,2.185315756176686,0.6051139998817234,75.29772699990644,67.0
1790538901,150,,Aggregated,49.100000,0.000000,2,2,2,2,3,4,7,9,14,14,14,7526,0,1,2.185315756176686,0.6051139998817234,75.29772699990644,67.0
1790538902,150,GET,/,48.600000,0.000000,2,2,2,2,3,4,7,9,14,14,14,7576,0,1,2.1806733934771727,0.6051139998817234,75.29772699990644,67.0
1790538902,150,,Aggregated,48.600000,0.000000,2,2,2,2,3,4,7,9,14,14,14,7576,0,1,2.1806733934771727,0.6051139998817234,75.29772699990644,67.0
1790538903,150,GET,/,49.700000,0.000000,2,2,2,2,3,4,7,9,14,14,14,7622,0,1,2.177564940170787,0.6051139998817234,75.29772699990644,67.0
1790538903,150,,Aggregated,49.700000,0.000000,2,2,2,2,3,4,7,9,14,14,14,7622,0,1,2.177564940170787,0.6051139998817234,75.29772699990644,67.0
1790538904,150,GET,/,48.900000,0.000000,2,2,2,2,3,4,7,9,14,14,14,7668,0,1,2.176305122324252,0.6051139998817234,75.29772699990644,67.0
1790538904,150,,Aggregated,48.900000,0.000000,2,2,2,2,3,4,7,9,14,14,14,7668,0,1,2.176305122324252,0.6051139998817234,75.29772699990644,67.0
1790538905,150,GET,/,48.700000,0.000000,2,2,2,2,3,4,7,9,14,14,14,7728,0,1,2.1718828027930326,0.6051139998817234,75.29772699990644,67.0
1790538905,150,,Aggregated,48.700000,0.000000,2,2,2,2,3,4,7,9,14,14,14,7728,0,1,2.1718828027930326,0.6051139998817234,75.29772699990644,67.0
1790538906,150,GET,/,48.900000,0.000000,2,2,2,2,3,4,7,9,14,14,14,7775,0,1,2.1678595324739294,0.6051139998817234,75.29772699990644,67.0
1790538906,150,,Aggregated,48.900000,0.000000,2,2,2,2,3,4,7,9,14,14,14,7775,0,1,2.1678595324739294,0.6051139998817234,75.29772699990644,67.0
1790538907,150,GET,/,49.400000,0.000000,2,2,2,2,3,4,6,9,14,14,14,7818,0,1,2.1644503723440285,0.6051139998817234,75.29772699990644,67.0
1790538907,150,,Aggregated,49.400000,0.000000,2,2,2,2,3,4,6,9,14,14,14,7818,0,1,2.1644503723440285,0.6051139998817234,75.29772699990644,67.0
1790538908,150,GET,/,50.200000,0.000000,1,2,2,2,3,3,5,9,14,14,14,7869,0,1,2.1624399327721986,0.6051139998817234,75.29772699990644,67.0
1790538908,150,,Aggregated,50.200000,0.000000,1,2,2,2,3,3,5,9,14,14,14,7869,0,1,2.1624399327721986,0.6051139998817234,75.29772699990644,67.0
1790538909,150,GET,/,49.000000,0.000000,1,2,2,2,3,3,6,9,14,14,14,7919,0,1,2.1593174242941275,0.6051139998817234,75.29772699990644,67.0
1790538909,150,,Aggregated,49.000000,0.000000,1,2,2,2,3,3,6,9,14,14,14,7919,0,1,2.1593174242941275,0.6051139998817234,75.29772699990644,67.0
1790538910,150,GET,/,49.700000,0.000000,1,2,2,2,2,3,4,6,9,9,9,7962,0,1,2.15558401858666,0.6051139998817234,75.29772699990644,67.0
1790538910,150,,Aggregated,49.700000,0.000000,1,2,2,2,2,3,4,6,9,9,9,7962,0,1,2.15558401858666,0.6051139998817234,75.29772699990644,67.0
1790538911,150,GET,/,50.000000,0.000000,1,2,2,2,2,3,4,6,9,9,9,8017,0,1,2.152506234749416,0.6051139998817234,75.29772699990644,67.0
1790538911,150,,Aggregated,50.000000,0.000000,1,2,2,2,2,3,4,6,9,9,9,8017,0,1,2.152506234749416,0.6051139998817234,75.29772699990644,67.0
1790538912,150,GET,/,49.200000,0.000000,1,2,2,2,2,3,4,7,9,9,9,8068,0,1,2.1523829160863546,0.5819019997943542,75.29772699990644,67.0
1790538912,150,,Aggregated,49.200000,0.000000,1,2,2,2,2,3,4,7,9,9,9,8068,0,1,2.1523829160863546,0.5819019997943542,75.29772699990644,67.0
1790538913,150,GET,/,48.500000,0.000000,1,2,2,2,3,3,5,8,10,10,10,8124,0,1,2.149487861519615,0.5819019997943542,75.29772699990644,67.0
1790538913,150,,Aggregated,48.500000,0.000000,1,2,2,2,3,3,5,8,10,10,10,8124,0,1,2.149487861519615,0.5819019997943542,75.29772699990644,67.0
1790538914,150,GET,/,48.700000,0.000000,1,2,2,2,2,3,4,8,10,10,10,8166,0,1,2.1463117215265624,0.5819019997943542,75.29772699990644,67.0
1790538914,150,,Aggregated,48.700000,0.000000,1,2,2,2,2,3,4,8,10,10,10,8166,0,1,2.1463117215265624,0.5819019997943542,75.29772699990644,67.0
1790538915,150,GET,/,49.000000,0.000000,1,2,2,2,2,3,4,8,10,10,10,8215,0,1,2.1421486322563603,0.5819019997943542,75.29772699990644,67.0
1790538915,150,,Aggregated,49.000000,0.000000,1,2,2,2,2,3,4,8,10,10,10,8215,0,1,2.1421486322563603,0.5819019997943542,75.29772699990644,67.0
1790538916,150,GET,/,49.200000,0.000000,1,2,2,2,3,3,4,9,15,15,15,8266,0,1,2.144363801595365,0.5819019997943542,75.29772699990644,67.0
1790538916,150,,Aggregated,49.200000,0.000000,1,2,2,2,3,3,4,9,15,15,15,8266,0,1,2.144363801595365,0.5819019997943542,75.29772699990644,67.0
1790538917,150,GET,/,49.300000,0.000000,1,2,2,2,3,3,4,9,15,15,15,8317,0,1,2.140704592760314,0.5819019997943542,75.29772699990644,67.0
1790538917,150,,Aggregated,49.300000,0.000000,1,2,2,2,3,3,4,9,15,15,15,8317,0,1,2.140704592760314,0.5819019997943542,75.29772699990644,67.0
1790538918,150,GET,/,48.900000,0.000000,1,2,2,2,3,3,4,9,15,15,15,8372,0,1,2.1367422673181027,0.5819019997943542,75.29772699990644,67.0
1790538918,150,,Aggregated,48.900000,0.000000,1,2,2,2,3,3,4,9,15,15,15,8372,0,1,2.1367422673181027,0.5819019997943542,75.29772699990644,67.0
1790538919,150,GET,/,49.200000,0.000000,1,2,2,2,3,3,4,8,15,15,15,8414,0,1,2.134213350366999,0.5819019997943542,75.29772699990644,67.0
1790538919,150,,Aggregated,49.200000,0.000000,1,2,2,2,3,3,4,8,15,15,15,8414,0,1,2.134213350366999,0.5819019997943542,75.29772699990644,67.0
1790538920,150,GET,/,49.100000,0.000000,1,2,2,2,3,3,4,9,15,15,15,8465,0,1,2.13301985965581,0.5819019997943542,75.29772699990644,67.0
1790538920,150,,Aggregated,49.100000,0.000000,1,2,2,2,3,3,4,9,15,15,15,8465,0,1,2.13301985965581,0.5819019997943542,75.29772699990644,67.0
1790538921,150,GET,/,49.900000,0.000000,1,2,2,2,3,3,4,9,15,15,15,8508,0,1,2.129222554065292,0.5819019997943542,75.29772699990644,67.0
1790538921,150,,Aggregated,49.900000,0.000000,1,2,2,2,3,3,4,9,15,15,15,8508,0,1,2.129222554065292,0.5819019997943542,75.29772699990644,67.0
1790538922,150,GET,/,49.500000,0.000000,1,2,2,2,2,3,4,9,15,15,15,8558,0,1,2.1240968927308064,0.5819019997943542,75.29772699990644,67.0
1790538922,150,,Aggregated,49.500000,0.000000,1,2,2,2,2,3,4,9,15,15,15,8558,0,1,2.1240968927308064,0.5819019997943542,75.29772699990644,67.0
1790538923,150,GET,/,49.800000,0.000000,1,2,2,2,2,3,4,6,15,15,15,8609,0,1,2.1202810623755965,0.5819019997943542,75.29772699990644,67.0
1790538923,150,,Aggregated,49.800000,0.000000,1,2,2,2,2,3,4,6,15,15,15,8609,0,1,2.1202810623755965,0.5819019997943542,75.29772699990644,67.0
1790538924,150,GET,/,49.300000,0.000000,1,2,2,2,2,3,4,6,15,15,15,8654,0,1,2.1169588277089444,0.5819019997943542,75.29772699990644,67.0
1790538924,150,,Aggregated,49.300000,0.000000,1,2,2,2,2,3,4,6,15,15,15,8654,0,1,2.1169588277089444,0.5819019997943542,75.29772699990644,67.0
1790538925,150,GET,/,49.600000,0.000000,1,2,2,2,2,3,4,6,15,15,15,8708,0,1,2.1128445408811696,0.5819019997943542,75.29772699990644,67.0
1790538925,150,,Aggregated,49.600000,0.000000,1,2,2,2,2,3,4,6,15,15,15,8708,0,1,2.1128445408811696,0.5819019997943542,75.29772699990644,67.0
1790538926,150,GET,/,48.800000,0.000000,1,2,2,2,2,3,3,4,10,10,10,8757,0,1,2.110066879409811,0.5819019997943542,75.29772699990644,67.0
1790538926,150,,Aggregated,48.800000,0.000000,1,2,2,2,2,3,3,4,10,10,10,8757,0,1,2.110066879409811,0.5819019997943542,75.29772699990644,67.0
1790538927,150,GET,/,48.600000,0.000000,1,2,2,2,2,3,4,5,25,25,25,8808,0,1,2.1109063491133475,0.5819019997943542,75.29772699990644,67.0
1790538927,150,,Aggregated,48.600000,0.000000,1,2,2,2,2,3,4,5,25,25,25,8808,0,1,2.1109063491133475,0.5819019997943542,75.29772699990644,67.0
1790538928,150,GET,/,49.200000,0.000000,1,2,2,2,2,3,4,7,25,25,25,8858,0,1,2.1109193112431504,0.5819019997943542,75.29772699990644,67.0
1790538928,150,,Aggregated,49.200000,0.000000,1,2,2,2,2,3,4,7,25,25,25,8858,0,1,2.1109193112431504,0.5819019997943542,75.29772699990644,67.0
1790538929,150,GET,/,49.000000,0.000000,1,2,2,2,2,3,5,9,25,25,25,8914,0,1,2.1099695569879766,0.5819019997943542,75.29772699990644,67.0
1790538929,150,,Aggregated,49.000000,0.000000,1,2,2,2,2,3,5,9,25,25,25,8914,0,1,2.1099695569879766,0.5819019997943542,75.29772699990644,67.0
1790538930,150,GET,/,49.300000,0.000000,1,2,2,2,2,3,4,7,25,25,25,8970,0,1,2.106073013154021,0.5819019997943542,75.29772699990644,67.0
1790538930,150,,Aggregated,49.300000,0.000000,1,2,2,2,2,3,4,7,25,25,25,8970,0,1,2.106073013154021,0.5819019997943542,75.29772699990644,67.0
1790538931,150,GET,/,48.700000,0.000000,1,2,2,2,2,3,5,8,25,25,25,9010,0,1,2.106560326081118,0.5819019997943542,75.29772699990644,67.0
1790538931,150,,Aggregated,48.700000,0.000000,1,2,2,2,2,3,5,8,25,25,25,9010,0,1,2.106560326081118,0.5819019997943542,75.29772699990644,67.0
1790538932,150,GET,/,50.500000,0.000000,1,2,2,2,3,3,5,9,25,25,25,9060,0,1,2.1057523427142315,0.5819019997943542,75.29772699990644,67.0
1790538932,150,,Aggregated,50.500000,0.000000,1,2,2,2,3,3,5,9,25,25,25,9060,0,1,2.1057523427142315,0.5819019997943542,75.29772699990644,67.0
1790538933,150,GET,/,50.000000,0.000000,1,2,2,2,3,4,7,8,25,25,25,9122,0,1,2.1041542937943603,0.5819019997943542,75.29772699990644,67.0
1790538933,150,,Aggregated,50.000000,0.000000,1,2,2,2,3,4,7,8,25,25,25,9122,0,1,2.1041542937943603,0.5819019997943542,75.29772699990644,67.0
1790538934,150,GET,/,50.100000,0.000000,1,2,2,2,3,4,8,9,25,25,25,9173,0,1,2.102599597077631,0.5819019997943542,75.29772699990644,67.0
1790538934,150,,Aggregated,50.100000,0.000000,1,2,2,2,3,4,8,9,25,25,25,9173,0,1,2.102599597077631,0.5819019997943542,75.29772699990644,67.0
1790538935,150,GET,/,50.000000,0.000000,1,2,2,2,3,4,8,9,25,25,25,9218,0,1,2.0996696548050493,0.5819019997943542,75.29772699990644,67.0
1790538935,150,,Aggregated,50.000000,0.000000,1,2,2,2,3,4,8,9,25,25,25,9218,0,1,2.0996696548050493,0.5819019997943542,75.29772699990644,67.0
1790538936,150,GET,/,51.100000,0.000000,1,2,2,2,3,4,8,9,25,25,25,9273,0,1,2.097315530895297,0.5819019997943542,75.29772699990644,67.0
1790538936,150,,Aggregated,51.100000,0.000000,1,2,2,2,3,4,8,9,25,25,25,9273,0,1,2.097315530895297,0.5819019997943542,75.29772699990644,67.0
1790538937,150,GET,/,52.000000,0.000000,1,2,2,2,3,4,8,9,14,14,14,9327,0,1,2.1030712384468404,0.5819019997943542,75.29772699990644,67.0
1790538937,150,,Aggregated,52.000000,0.000000,1,2,2,2,3,4,8,9,14,14,14,9327,0,1,2.1030712384468404,0.5819019997943542,75.29772699990644,67.0
1790538938,150,GET,/,50.600000,0.000000,1,2,2,2,3,5,8,11,14,14,14,9370,0,1,2.106304189006694,0.5819019997943542,75.29772699990644,67.0
1790538938,150,,Aggregated,50.600000,0.000000,1,2,2,2,3,5,8,11,14,14,14,9370,0,1,2.106304189006694,0.5819019997943542,75.29772699990644,67.0
1790538939,150,GET,/,51.900000,0.000000,2,2,2,2,3,6,9,11,16,16,16,9420,0,1,2.108025286941777,0.5819019997943542,75.29772699990644,67.0
1790538939,150,,Aggregated,51.900000,0.000000,2,2,2,2,3,6,9,11,16,16,16,9420,0,1,2.108025286941777,0.5819019997943542,75.29772699990644,67.0
1790538940,150,GET,/,51.900000,0.000000,2,2,2,3,3,6,9,11,16,16,16,9468,0,1,2.110280152090445,0.5819019997943542,75.29772699990644,67.0
1790538940,150,,Aggregated,51.900000,0.000000,2,2,2,3,3,6,9,11,16,16,16,9468,0,1,2.110280152090445,0.5819019997943542,75.29772699990644,67.0
1790538941,150,GET,/,50.800000,0.000000,2,2,2,3,4,6,11,14,21,21,21,9529,0,1,2.1180976187419818,0.5819019997943542,75.29772699990644,67.0
1790538941,150,,Aggregated,50.800000,0.000000,2,2,2,3,4,6,11,14,21,21,21,9529,0,1,2.1180976187419818,0.5819019997943542,75.29772699990644,67.0
1790538942,150,GET,/,50.600000,0.000000,2,2,2,3,4,6,10,14,21,21,21,9587,0,1,2.118828281213554,0.5819019997943542,75.29772699990644,67.0
1790538942,150,,Aggregated,50.600000,0.000000,2,2,2,3,4,6,10,14,21,21,21,9587,0,1,2.118828281213554,0.5819019997943542,75.29772699990644,67.0
1790538943,150,GET,/,50.800000,0.000000,2,2,2,3,4,6,11,14,21,21,21,9636,0,1,2.118041865918535,0.5819019997943542,75.29772699990644,67.0
1790538943,150,,Aggregated,50.800000,0.000000,2,2,2,3,4,6,11,14,21,21,21,9636,0,1,2.118041865918535,0.5819019997943542,75.29772699990644,67.0
1790538944,150,GET,/,52.000000,0.000000,2,2,2,3,4,6,11,14,21,21,21,9675,0,1,2.115981173332381,0.5819019997943542,75.29772699990644,67.0
1790538944,150,,Aggregated,52.000000,0.000000,2,2,2,3,4,6,11,14,21,21,21,9675,0,1,2.115981173332381,0.5819019997943542,75.29772699990644,67.0
1790538945,150,GET,/,52.300000,0.000000,2,2,2,3,4,7,10,14,21,21,21,9735,0,1,2.1155563679498064,0.5819019997943542,75.29772699990644,67.0
1790538945,150,,Aggregated,52.300000,0.000000,2,2,2,3,4,7,10,14,21,21,21,9735,0,1,2.1155563679498064,0.5819019997943542,75.29772699990644,67.0
1790538946,150,GET,/,51.400000,0.000000,2,2,2,3,4,7,10,14,21,21,21,9785,0,1,2.1151021749607746,0.5819019997943542,75.29772699990644,67.0
1790538946,150,,Aggregated,51.400000,0.000000,2,2,2,3,4,7,10,14,21,21,21,9785,0,1,2.1151021749607746,0.5819019997943542,75.29772699990644,67.0
1790538947,150,GET,/,50.000000,0.000000,2,2,2,3,4,6,10,14,21,21,21,9836,0,1,2.1141808432280396,0.5819019997943542,75.29772699990644,67.0
1790538947,150,,Aggregated,50.000000,0.000000,2,2,2,3,4,6,10,14,21,21,21,9836,0,1,2.1141808432280396,0.5819019997943542,75.29772699990644,67.0
1790538948,150,GET,/,51.900000,0.000000,2,2,2,2,4,6,10,12,21,21,21,9893,0,1,2.1121528348318432,0.5819019997943542,75.29772699990644,67.0
1790538948,150,,Aggregated,51.900000,0.000000,2,2,2,2,4,6,10,12,21,21,21,9893,0,1,2.1121528348318432,0.5819019997943542,75.29772699990644,67.0
1790538949,150,GET,/,50.700000,0.000000,2,2,2,3,4,6,10,14,30,30,30,9937,0,1,2.1232902009653634,0.5819019997943542,75.29772699990644,67.0
1790538949,150,,Aggregated,50.700000,0.000000,2,2,2,3,4,6,10,14,30,30,30,9937,0,1,2.1232902009653634,0.5819019997943542,75.29772699990644,67.0
1790538950,150,GET,/,50.700000,0.000000,2,2,2,2,4,6,10,14,30,30,30,9987,0,1,2.1222265478113256,0.5819019997943542,75.29772699990644,67.0
1790538950,150,,Aggregated,50.700000,0.000000,2,2,2,2,4,6,10,14,30,30,30,9987,0,1,2.1222265478113256,0.5819019997943542,75.29772699990644,67.0
1790538951,150,GET,/,51.800000,0.000000,2,2,2,3,4,8,10,15,30,30,30,10051,0,1,2.1355559303544642,0.5819019997943542,75.29772699990644,67.0
1790538951,150,,Aggregated,51.800000,0.000000,2,2,2,3,4,8,10,15,30,30,30,10051,0,1,2.1355559303544642,0.5819019997943542,75.29772699990644,67.0
1790538952,150,GET,/,51.900000,0.000000,2,2,2,2,4,8,10,15,30,30,30,10102,0,1,2.1352951723412152,0.5819019997943542,75.29772699990644,67.0
1790538952,150,,Aggregated,51.900000,0.000000,2,2,2,2,4,8,10,15,30,30,30,10102,0,1,2.1352951723412152,0.5819019997943542,75.29772699990644,67.0
1790538953,150,GET,/,51.500000,0.000000,2,2,2,3,5,8,10,16,30,30,30,10144,0,1,2.136393123816092,0.5819019997943542,75.29772699990644,67.0
1790538953,150,,Aggregated,51.500000,0.000000,2,2,2,3,5,8,10,16,30,30,30,10144,0,1,2.136393123816092,0.5819019997943542,75.29772699990644,67.0
1790538954,150,GET,/,51.700000,0.000000,2,2,2,3,5,8,10,15,30,30,30,10192,0,1,2.137598074469003,0.5819019997943542,75.29772699990644,67.0
1790538954,150,,Aggregated,51.700000,0.000000,2,2,2,3,5,8,10,15,30,30,30,10192,0,1,2.137598074469003,0.5819019997943542,75.29772699990644,67.0
1790538955,150,GET,/,50.900000,0.000000,2,2,2,3,5,8,13,23,30,30,30,10241,0,1,2.1444225477969274,0.5819019997943542,75.29772699990644,67.0
1790538955,150,,Aggregated,50.900000,0.000000,2,2,2,3,5,8,13,23,30,30,30,10241,0,1,2.1444225477969274,0.5819019997943542,75.29772699990644,67.0
1790538956,150,GET,/,51.000000,0.000000,2,2,2,3,5,9,16,23,30,30,30,10285,0,1,2.1480714057353665,0.5819019997943542,75.29772699990644,67.0
1790538956,150,,Aggregated,51.000000,0.000000,2,2,2,3,5,9,16,23,30,30,30,10285,0,1,2.1480714057353665,0.5819019997943542,75.29772699990644,67.0
1790538957,150,GET,/,51.600000,0.000000,2,2,2,3,5,9,16,25,30,30,30,10337,0,1,2.15048116271526,0.5819019997943542,75.29772699990644,67.0
1790538957,150,,Aggregated,51.600000,0.000000,2,2,2,3,5,9,16,25,30,30,30,10337,0,1,2.15048116271526,0.5819019997943542,75.29772699990644,67.0
1790538958,150,GET,/,50.100000,0.000000,2,2,2,3,6,9,16,25,30,30,30,10389,0,1,2.1502106939059678,0.5819019997943542,75.29772699990644,67.0
1790538958,150,,Aggregated,50.100000,0.000000,2,2,2,3,6,9,16,25,30,30,30,10389,0,1,2.1502106939059678,0.5819019997943542,75.29772699990644,67.0
1790538959,150,GET,/,49.600000,0.000000,2,2,2,3,5,9,15,20,28,28,28,10429,0,1,2.1517864873901433,0.5819019997943542,75.29772699990644,67.0
1790538959,150,,Aggregated,49.600000,0.000000,2,2,2,3,5,9,15,20,28,28,28,10429,0,1,2.1517864873901433,0.5819019997943542,75.29772699990644,67.0
1790538960,150,GET,/,51.000000,0.000000,2,2,2,3,5,9,15,20,28,28,28,10480,0,1,2.1525534692740904,0.5819019997943542,75.29772699990644,67.0
1790538960,150,,Aggregated,51.000000,0.000000,2,2,2,3,5,9,15,20,28,28,28,10480,0,1,2.1525534692740904,0.5819019997943542,75.29772699990644,67.0
1790538961,150,GET,/,49.600000,0.000000,2,2,2,3,4,8,13,25,42,42,42,10536,0,1,2.163933282459062,0.5819019997943542,75.29772699990644,67.0
1790538961,150,,Aggregated,49.600000,0.000000,2,2,2,3,4,8,13,25,42,42,42,10536,0,1,2.163933282459062,0.5819019997943542,75.29772699990644,67.0
1790538962,150,GET,/,48.700000,0.000000,2,2,3,3,5,10,17,28,42,42,42,10586,0,1,2.175697015207766,0.5819019997943542,75.29772699990644,67.0
1790538962,150,,Aggregated,48.700000,0.000000,2,2,3,3,5,10,17,28,42,42,42,10586,0,1,2.175697015207766,0.5819019997943542,75.29772699990644,67.0
1790538963,150,GET,/,49.500000,0.000000,2,2,3,3,5,9,17,28,42,42,42,10628,0,1,2.178511140006463,0.5819019997943542,75.29772699990644,67.0
1790538963,150,,Aggregated,49.500000,0.000000,2,2,3,3,5,9,17,28,42,42,42,10628,0,1,2.178511140006463,0.5819019997943542,75.29772699990644,67.0
1790538964,150,GET,/,48.100000,0.000000,2,2,3,3,5,9,17,28,42,42,42,10686,0,1,2.1799455592350436,0.5819019997943542,75.29772699990644,67.0
1790538964,150,,Aggregated,48.100000,0.000000,2,2,3,3,5,9,17,28,42,42,42,10686,0,1,2.1799455592350436,0.5819019997943542,75.29772699990644,67.0
1790538965,150,GET,/,48.400000,0.000000,2,2,3,3,5,8,13,19,42,42,42,10735,0,1,2.1799436168591426,0.5819019997943542,75.29772699990644,67.0
1790538965,150,,Aggregated,48.400000,0.000000,2,2,3,3,5,8,13,19,42,42,42,10735,0,1,2.1799436168591426,0.5819019997943542,75.29772699990644,67.0
1790538966,150,GET,/,47.800000,0.000000,2,2,3,3,4,8,12,17,42,42,42,10788,0,1,2.179912403038786,0.5819019997943542,75.29772699990644,67.0
1790538966,150,,Aggregated,47.800000,0.000000,2,2,3,3,4,8,12,17,42,42,42,10788,0,1,2.179912403038786,0.5819019997943542,75.29772699990644,67.0
1790538967,150,GET,/,49.300000,0.000000,2,2,3,3,5,7,12,17,42,42,42,10843,0,1,2.1797245968813517,0.5819019997943542,75.29772699990644,67.0
1790538967,150,,Aggregated,49.300000,0.000000,2,2,3,3,5,7,12,17,42,42,42,10843,0,1,2.1797245968813517,0.5819019997943542,75.29772699990644,67.0
1790538968,150,GET,/,50.000000,0.000000,2,2,3,3,4,7,11,17,42,42,42,10892,0,1,2.177851544618561,0.5819019997943542,75.29772699990644,67.0
1790538968,150,,Aggregated,50.000000,0.000000,2,2,3,3,4,7,11,17,42,42,42,10892,0,1,2.177851544618561,0.5819019997943542,75.29772699990644,67.0
1790538969,150,GET,/,50.200000,0.000000,2,2,3,3,4,7,11,14,42,42,42,10942,0,1,2.177045009228852,0.5819019997943542,75.29772699990644,67.0
1790538969,150,,Aggregated,50.200000,0.000000,2,2,3,3,4,7,11,14,42,42,42,10942,0,1,2.177045009228852,0.5819019997943542,75.29772699990644,67.0
1790538970,150,GET,/,49.700000,0.000000,2,2,3,3,4,7,12,17,42,42,42,10987,0,1,2.176949619093738,0.5819019997943542,75.29772699990644,67.0
1790538970,150,,Aggregated,49.700000,0.000000,2,2,3,3,4,7,12,17,42,42,42,10987,0,1,2.176949619093738,0.5819019997943542,75.29772699990644,67.0
1790538971,150,GET,/,50.700000,0.000000,2,2,3,3,4,6,10,12,32,32,32,11045,0,1,2.1772753454944036,0.5819019997943542,75.29772699990644,67.0
1790538971,150,,Aggregated,50.700000,0.000000,2,2,3,3,4,6,10,12,32,32,32,11045,0,1,2.1772753454944036,0.5819019997943542,75.29772699990644,67.0
1790538972,150,GET,/,51.000000,0.000000,2,2,2,2,3,5,8,11,22,22,22,11098,0,1,2.1765262582434306,0.5819019997943542,75.29772699990644,67.0
1790538972,150,,Aggregated,51.000000,0.000000,2,2,2,2,3,5,8,11,22,22,22,11098,0,1,2.1765262582434306,0.5819019997943542,75.29772699990644,67.0
1790538973,150,GET,/,50.600000,0.000000,2,2,2,2,3,5,8,11,22,22,22,11140,0,1,2.1749192183111905,0.5819019997943542,75.29772699990644,67.0
1790538973,150,,Aggregated,50.600000,0.000000,2,2,2,2,3,5,8,11,22,22,22,11140,0,1,2.1749192183111905,0.5819019997943542,75.29772699990644,67.0
1790538974,150,GET,/,51.300000,0.000000,2,2,2,2,3,4,8,11,22,22,22,11198,0,1,2.172039724235014,0.5819019997943542,75.29772699990644,67.0
1790538974,150,,Aggregated,51.300000,0.000000,2,2,2,2,3,4,8,11,22,22,22,11198,0,1,2.172039724235014,0.5819019997943542,75.29772699990644,67.0
1790538975,150,GET,/,51.300000,0.000000,1,2,2,2,3,4,8,11,22,22,22,11242,0,1,2.1698343469118373,0.5819019997943542,75.29772699990644,67.0
1790538975,150,,Aggregated,51.300000,0.000000,1,2,2,2,3,4,8,11,22,22,22,11242,0,1,2.1698343469118373,0.5819019997943542,75.29772699990644,67.0
1790538976,150,GET,/,51.400000,0.000000,1,2,2,2,3,4,7,9,22,22,22,11294,0,1,2.1680949918524175,0.5819019997943542,75.29772699990644,67.0
1790538976,150,,Aggregated,51.400000,0.000000,1,2,2,2,3,4,7,9,22,22,22,11294,0,1,2.1680949918524175,0.5819019997943542,75.29772699990644,67.0
1790538977,150,GET,/,51.100000,0.000000,1,2,2,2,3,4,7,11,22,22,22,11345,0,1,2.166578912294435,0.5819019997943542,75.29772699990644,67.0
1790538977,150,,Aggregated,51.100000,0.000000,1,2,2,2,3,4,7,11,22,22,22,11345,0,1,2.166578912294435,0.5819019997943542,75.29772699990644,67.0
1790538978,150,GET,/,50.400000,0.000000,1,2,2,2,3,4,7,11,22,22,22,11392,0,1,2.1647835841799536,0.5819019997943542,75.29772699990644,67.0
1790538978,150,,Aggregated,50.400000,0.000000,1,2,2,2,3,4,7,11,22,22,22,11392,0,1,2.1647835841799536,0.5819019997943542,75.29772699990644,67.0
1790538979,150,GET,/,50.600000,0.000000,1,2,2,2,3,4,7,10,22,22,22,11449,0,1,2.1651788049592464,0.5819019997943542,75.29772699990644,67.0
1790538979,150,,Aggregated,50.600000,0.000000,1,2,2,2,3,4,7,10,22,22,22,11449,0,1,2.1651788049592464,0.5819019997943542,75.29772699990644,67.0
1790538980,150,GET,/,49.800000,0.000000,1,2,2,2,3,4,6,10,22,22,22,11493,0,1,2.1618673429025255,0.5819019997943542,75.29772699990644,67.0
1790538980,150,,Aggregated,49.800000,0.000000,1,2,2,2,3,4,6,10,22,22,22,11493,0,1,2.1618673429025255,0.5819019997943542,75.29772699990644,67.0
1790538981,150,GET,/,49.600000,0.000000,1,2,2,2,3,3,6,7,10,10,10,11543,0,1,2.1581742549578453,0.5819019997943542,75.29772699990644,67.0
1790538981,150,,Aggregated,49.600000,0.000000,1,2,2,2,3,3,6,7,10,10,10,11543,0,1,2.1581742549578453,0.5819019997943542,75.29772699990644,67.0
1790538982,150,GET,/,50.500000,0.000000,1,2,2,2,3,4,6,9,12,12,12,11599,0,1,2.1592652284661757,0.5819019997943542,75.29772699990644,67.0
1790538982,150,,Aggregated,50.500000,0.000000,1,2,2,2,3,4,6,9,12,12,12,11599,0,1,2.1592652284661757,0.5819019997943542,75.29772699990644,67.0
1790538983,150,GET,/,50.200000,0.000000,1,2,2,2,3,4,6,9,12,12,12,11639,0,1,2.156584561386827,0.5819019997943542,75.29772699990644,67.0
1790538983,150,,Aggregated,50.200000,0.000000,1,2,2,2,3,4,6,9,12,12,12,11639,0,1,2.156584561386827,0.5819019997943542,75.29772699990644,67.0
1790538984,150,GET,/,50.200000,0.000000,1,2,2,2,3,4,6,9,12,12,12,11694,0,1,2.1526825613117584,0.5819019997943542,75.29772699990644,67.0
1790538984,150,,Aggregated,50.200000,0.000000,1,2,2,2,3,4,6,9,12,12,12,11694,0,1,2.1526825613117584,0.5819019997943542,75.29772699990644,67.0
1790538985,150,GET,/,50.100000,0.000000,1,2,2,2,2,4,6,9,12,12,12,11746,0,1,2.1490644352955326,0.5819019997943542,75.29772699990644,67.0
1790538985,150,,Aggregated,50.100000,0.000000,1,2,2,2,2,4,6,9,12,12,12,11746,0,1,2.1490644352955326,0.5819019997943542,75.29772699990644,67.0
1790538986,150,GET,/,49.600000,0.000000,1,1,2,2,2,3,6,7,12,12,12,11805,0,1,2.144968950612551,0.5819019997943542,75.29772699990644,67.0
1790538986,150,,Aggregated,49.600000,0.000000,1,1,2,2,2,3,6,7,12,12,12,11805,0,1,2.144968950612551,0.5819019997943542,75.29772699990644,67.0
